id,employee_name
1,Gardie Stockport
2,Meara Bech
3,Chandler Hebbard
4,Gallard Hickenbottom
5,Hussein Klimshuk
6,Tildie Plesing
7,Earlie Futter
8,Annadiane Willett
9,Devonna Barock
10,Revkah Bromfield
11,Maximilian Hassen
12,Connie Gorger
13,Audy Bellin
14,Catherin Bretherton
15,Bryan Peploe
16,Amelia Kidson
17,Correy Caldecott
18,Martica Buterton
19,Benoite Keam
20,Dorey Whye
21,Raquel Patsall
22,Berne Cocher
23,Raven Millar
24,Evie Bailes
25,Crosby Beaglehole
26,Madella Ragdale
27,Elke Kyndred
28,Frasier Burnard
29,Stanford Nasi
30,Isobel Roxbee
31,Inna Bound
32,Shannon Measures
33,Alexandr Eggins
34,Gene Saltsberger
35,Lillian Siddeley
36,Isidora Doret
37,Booth Purser
38,Barrie Chitson
39,Ayn Red
40,Martina La Padula
41,Rosella Swate
42,Dagmar Sorton
43,Torin Klulisek
44,Aloise Petzolt
45,Victor Michel
46,Demetris Polycote
47,Dulce Buret
48,Ranique Hillborne
49,Corilla Lawday
50,Tye Canby
51,Kristyn Groucutt
52,Fons Hodcroft
53,Susannah Davydoch
54,Nelson Baughen
55,Sayers Fortoun
56,Gail McTeggart
57,Harwell Osler
58,Sergei McGilvray
59,Patty Pitcaithley
60,Clint Beakes
61,Paolina Alexsandrowicz
62,Evangelia Harty
63,Brinna Dowbakin
64,Grove Klammt
65,Francisca Mew
66,Cyndi Ballinger
67,Merle Bowmaker
68,Etta Verlander
69,Dru Boichat
70,Aksel Giorgietto
71,Tillie Reicherz
72,Flin Clegg
73,Audrie Puttergill
74,Virge Neward
75,Kesley Mountain
76,Patience Ruddoch
77,Brooks Oaten
78,Norine Pauling
79,Iris Artinstall
80,Myrlene Beernaert
81,Averill McConville
82,Vallie Northing
83,Madalena Van Der Vlies
84,Ennis Minards
85,Mellisent Edmett
86,Rickert Wissbey
87,Tabbitha Ortelt
88,Ogden Firebrace
89,Antons Forward
90,Carmen Posselwhite
91,Rubina Nutbeem
92,Genevra Bedenham
93,Odell Haensel
94,Robbie Fleis
95,Therese Bradford
96,Erwin Laverack
97,Clemens Flaverty
98,Ophelia Adame
99,Leigh Eppson
100,Gertrude Pluck
101,Briana Gunningham
102,Stanwood Comusso
103,Antonio Hartzenberg
104,Donetta Lissaman
105,Brose Aveson
106,Stacy Mulrean
107,Mayer Yakunikov
108,Ester Smallsman
109,Corina Raye
110,Court Dennant
111,Georgianna Stert
112,D'arcy Wadsworth
113,Ginnie Smaridge
114,Jory McLennan
115,Reggie Maso
116,Garwin Gowers
117,Sauncho Parfett
118,Wilie Aiken
119,Baryram Wedderburn
120,Ronald Casillas
121,Caresa Behling
122,Fritz Siggins
123,Percy Lythgoe
124,Bobbi Brodeur
125,Germana Vinas
126,Marna Orrocks
127,Ronny Crosland
128,Lavina Trehearne
129,Leonore Bettenson
130,George Vanyushin
131,Ediva Schall
132,Alwyn Paniman
133,Antonino Nobbs
134,Meyer Rudeforth
135,Bondy Sineath
136,Kippar Sindle
137,Megan Hellicar
138,Kiel Bardell
139,Zilvia Lansdown
140,Thornie Sterke
141,Jo ann MacGillacolm
142,Franklin Inott
143,Bobette Dohmann
144,Valentia Ragg
145,Dionysus Hainge
146,Micah MacScherie
147,Mildred Ruffles
148,Flossi Stranio
149,Ingeborg Mooney
150,Artair Grossman
151,Hollyanne Bourtoumieux
152,Avram Matic
153,Tannie Tabrett
154,Cristian Swidenbank
155,Mitch Fifield
156,Amery Linay
157,Lynn Papen
158,Bendicty Donnison
159,Lindy Baiss
160,Bat Rupert
161,Gerladina Gotecliffe
162,Rosella Murden
163,Rheta Pettiward
164,Winona Lampens
165,Gratiana Pavlik
166,Kala Danielli
167,Florrie Gatward
168,Cahra McGaughay
169,Cathryn Brightey
170,Gregor Berthelet
171,Pierre Streader
172,Giralda Matijasevic
173,Veronika Addlestone
174,Perle Rofe
175,Codi Janczyk
176,Corly Mourbey
177,Etta Rousell
178,Spencer Daunter
179,Rickert Plester
180,Gerti Rudkin
181,Torrie Feld
182,Madonna Skoggings
183,Helge Swatradge
184,Rivalee Kempster
185,Ilsa Tribell
186,Durante Hartly
187,Corella Deveraux
188,Thea Burds
189,Manya Urian
190,Aurora Silburn
191,Lorry Tothacot
192,Udell Bennedsen
193,Willey Gainseford
194,Demeter Jewkes
195,Babb Dolley
196,Clayson Couling
197,Ramon Giraths
198,Dita Caldaro
199,Garreth Wollard
200,Stillmann Ferreo
